variable,beta,std,zval,pval,description,dispersion,pseudo_r2,aic,nobs,df
(Intercept),-7.83986475802174,2.26184634698885,-3.4661349867814,0.000527998120871296,poisson-arr24,1.51332549562861,0.0963226624271661,1753.39484728665,315,282
PC1,0.00275816740998872,0.00993597644723646,0.27759399638632,0.781324041275868,poisson-arr24,1.51332549562861,0.0963226624271661,1753.39484728665,315,282
PC2,0.00217645109543779,0.01826378331312,0.119167592941946,0.905142580744828,poisson-arr24,1.51332549562861,0.0963226624271661,1753.39484728665,315,282
PC3,0.0694093078756632,0.0165350636496328,4.19770430561388,2.6963437233786e-05,poisson-arr24,1.51332549562861,0.0963226624271661,1753.39484728665,315,282
tm_summer,0.0332050802297227,0.0281569544962924,1.17928521829643,0.238284622248441,poisson-arr24,1.51332549562861,0.0963226624271661,1753.39484728665,315,282
tm_winter,-0.0367547882999586,0.0230981379096236,-1.59124464680961,0.111554528672367,poisson-arr24,1.51332549562861,0.0963226624271661,1753.39484728665,315,282
diag_vitamin_d,0.110526109901186,0.0605902944139419,1.82415535310147,0.0681285891730558,poisson-arr24,1.51332549562861,0.0963226624271661,1753.39484728665,315,282
diag_calcium,0.0912379808249512,0.0906192674648213,1.00682761378942,0.314017622246991,poisson-arr24,1.51332549562861,0.0963226624271661,1753.39484728665,315,282
diag_family,-0.000247981194388433,0.0349201447658176,-0.00710137933423388,0.994333966691472,poisson-arr24,1.51332549562861,0.0963226624271661,1753.39484728665,315,282
diag_other_minerals,-0.10345370901332,0.0905866492585713,-1.14204145820673,0.253436787325141,poisson-arr24,1.51332549562861,0.0963226624271661,1753.39484728665,315,282
diag_tabacco,0.0698711014807324,0.0225603849139843,3.09707045101975,0.00195443418915704,poisson-arr24,1.51332549562861,0.0963226624271661,1753.39484728665,315,282
diag_vitamin_b9,-0.0671625012141469,0.0703223869519772,-0.955065721247656,0.339544462508845,poisson-arr24,1.51332549562861,0.0963226624271661,1753.39484728665,315,282
diag_vitamin_b12,0.101230723061905,0.0624370163357858,1.62132544126528,0.104947861563333,poisson-arr24,1.51332549562861,0.0963226624271661,1753.39484728665,315,282
somo35_mean,-5.55652761008548e-05,4.0187722108981e-05,-1.38264308562135,0.166774331111065,poisson-arr24,1.51332549562861,0.0963226624271661,1753.39484728665,315,282
pm10_mean_concentration,0.0220298166143532,0.0216883759084763,1.0157430278467,0.309751772417489,poisson-arr24,1.51332549562861,0.0963226624271661,1753.39484728665,315,282
o3_mean_concentration,0.00348606649733198,0.00906557867391479,0.384538772727521,0.700579164281198,poisson-arr24,1.51332549562861,0.0963226624271661,1753.39484728665,315,282
no2_mean_concentration,-0.0222065514492815,0.0109569814812776,-2.02670338425106,0.0426927561743368,poisson-arr24,1.51332549562861,0.0963226624271661,1753.39484728665,315,282
ges_resid,-6.88194973806885e-06,0.000115458823084346,-0.0596052302823265,0.952470052614859,poisson-arr24,1.51332549562861,0.0963226624271661,1753.39484728665,315,282
water_no3,-0.00901406842363549,0.00532184374622853,-1.69378675013214,0.0903058127776269,poisson-arr24,1.51332549562861,0.0963226624271661,1753.39484728665,315,282
prop_robinet,-0.022117123880889,0.0236138328505698,-0.936617279407709,0.348955460408872,poisson-arr24,1.51332549562861,0.0963226624271661,1753.39484728665,315,282
water_ph,-0.123413564793666,0.263815181425175,-0.4678031193162,0.639925389727511,poisson-arr24,1.51332549562861,0.0963226624271661,1753.39484728665,315,282
n_equip_d2,-0.0775523785967434,0.0169911803171028,-4.56427259021443,5.01229183463511e-06,poisson-arr24,1.51332549562861,0.0963226624271661,1753.39484728665,315,282
n_equip_a1,-0.118256881011247,0.045256682578366,-2.6130258400287,0.00897445166483826,poisson-arr24,1.51332549562861,0.0963226624271661,1753.39484728665,315,282
n_equip_c1,0.0720336719015488,0.153091447484143,0.470527080939711,0.637978490902362,poisson-arr24,1.51332549562861,0.0963226624271661,1753.39484728665,315,282
n_equip_c2,0.0376342862742921,1.03959908872828,0.0362007688178423,0.971122272964771,poisson-arr24,1.51332549562861,0.0963226624271661,1753.39484728665,315,282
n_ape5610c,0.00685957431574475,0.0420937544956615,0.162959431819078,0.870550376343027,poisson-arr24,1.51332549562861,0.0963226624271661,1753.39484728665,315,282
n_ape9312z,-0.0570866143480053,0.0383811838342726,-1.48735939450178,0.136919915321895,poisson-arr24,1.51332549562861,0.0963226624271661,1753.39484728665,315,282
n_ape4722z,0.552837933854575,0.259771319581921,2.12817155775441,0.0333228620917389,poisson-arr24,1.51332549562861,0.0963226624271661,1753.39484728665,315,282
n_ape4723z,-0.0413170263107033,0.359794453537297,-0.114835084044508,0.908575839949984,poisson-arr24,1.51332549562861,0.0963226624271661,1753.39484728665,315,282
coups,0.0586777513979765,0.0167013366990644,3.51335659266504,0.000442483198799461,poisson-arr24,1.51332549562861,0.0963226624271661,1753.39484728665,315,282
ac_prop,0.785192874788077,0.514881893065515,1.52499609204196,0.127260072396734,poisson-arr24,1.51332549562861,0.0963226624271661,1753.39484728665,315,282
water_no3:prop_robinet,-5.18569210013437e-06,7.07398451681692e-05,-0.073306523187978,0.94156220091544,poisson-arr24,1.51332549562861,0.0963226624271661,1753.39484728665,315,282
prop_robinet:water_ph,0.00289939210214492,0.00306097935320346,0.947210604054083,0.343531472966096,poisson-arr24,1.51332549562861,0.0963226624271661,1753.39484728665,315,282
(Intercept),-7.1465831362664,2.66843640537088,-2.67819128905683,0.00740209312685568,negbinom-arr24,1.23545377893975,0.301185559648412,1745.32536763407,315,282
PC1,0.00109786014329133,0.0118448005689629,0.0926870939615539,0.926152150397563,negbinom-arr24,1.23545377893975,0.301185559648412,1745.32536763407,315,282
PC2,-0.00305150790247246,0.0214372261421024,-0.142346210383971,0.886806547512014,negbinom-arr24,1.23545377893975,0.301185559648412,1745.32536763407,315,282
PC3,0.0641112461204849,0.0198687951563966,3.22673043915522,0.00125213360944172,negbinom-arr24,1.23545377893975,0.301185559648412,1745.32536763407,315,282
tm_summer,0.0265024990926476,0.0327427599035923,0.809415552344442,0.418276159401829,negbinom-arr24,1.23545377893975,0.301185559648412,1745.32536763407,315,282
tm_winter,-0.043836971403793,0.0273001897974956,-1.60573870471092,0.108331333340054,negbinom-arr24,1.23545377893975,0.301185559648412,1745.32536763407,315,282
diag_vitamin_d,0.0928735738748715,0.0722791941432683,1.28492818681379,0.198817380078574,negbinom-arr24,1.23545377893975,0.301185559648412,1745.32536763407,315,282
diag_calcium,0.0807946342513208,0.104584327920458,0.772530988703868,0.439800000354193,negbinom-arr24,1.23545377893975,0.301185559648412,1745.32536763407,315,282
diag_family,-0.00607388147025398,0.0396506427829465,-0.153184943394318,0.878252430964032,negbinom-arr24,1.23545377893975,0.301185559648412,1745.32536763407,315,282
diag_other_minerals,-0.125588139041165,0.0990637640565451,-1.26775052651421,0.204887054851079,negbinom-arr24,1.23545377893975,0.301185559648412,1745.32536763407,315,282
diag_tabacco,0.0679946846133019,0.0255102643834086,2.66538533632463,0.00769001512275478,negbinom-arr24,1.23545377893975,0.301185559648412,1745.32536763407,315,282
diag_vitamin_b9,-0.0761668811674504,0.0760857258955605,-1.00106662939644,0.316794596976835,negbinom-arr24,1.23545377893975,0.301185559648412,1745.32536763407,315,282
diag_vitamin_b12,0.0992854005254251,0.0668693002520181,1.48476804978124,0.137605278242731,negbinom-arr24,1.23545377893975,0.301185559648412,1745.32536763407,315,282
somo35_mean,-6.87220785541641e-05,4.70705116886748e-05,-1.45998154871766,0.144295145022821,negbinom-arr24,1.23545377893975,0.301185559648412,1745.32536763407,315,282
pm10_mean_concentration,0.0151829731809267,0.0259434884282188,0.585232522717035,0.558391379432455,negbinom-arr24,1.23545377893975,0.301185559648412,1745.32536763407,315,282
o3_mean_concentration,0.00414965784004147,0.0105909914428719,0.391810140006708,0.69519850226864,negbinom-arr24,1.23545377893975,0.301185559648412,1745.32536763407,315,282
no2_mean_concentration,-0.0221424911784926,0.0130231338604042,-1.70024292277415,0.0890852416256292,negbinom-arr24,1.23545377893975,0.301185559648412,1745.32536763407,315,282
ges_resid,-3.84490892465027e-05,0.00013366586079351,-0.287650780971664,0.773614069302935,negbinom-arr24,1.23545377893975,0.301185559648412,1745.32536763407,315,282
water_no3,-0.00977561342442209,0.0064592091064509,-1.51343814131347,0.130168402820356,negbinom-arr24,1.23545377893975,0.301185559648412,1745.32536763407,315,282
prop_robinet,-0.0240361171257628,0.0283108340742268,-0.849007735439504,0.395876987967664,negbinom-arr24,1.23545377893975,0.301185559648412,1745.32536763407,315,282
water_ph,-0.174759503047898,0.31176216750714,-0.560553913405468,0.575101676641137,negbinom-arr24,1.23545377893975,0.301185559648412,1745.32536763407,315,282
n_equip_d2,-0.0703549027831879,0.0199933363774422,-3.51891757608634,0.000433311307285836,negbinom-arr24,1.23545377893975,0.301185559648412,1745.32536763407,315,282
n_equip_a1,-0.119705510866986,0.0491519240793485,-2.43541861502184,0.0148745702747056,negbinom-arr24,1.23545377893975,0.301185559648412,1745.32536763407,315,282
n_equip_c1,0.0763676594811829,0.169292933310614,0.451097739213165,0.651919107035205,negbinom-arr24,1.23545377893975,0.301185559648412,1745.32536763407,315,282
n_equip_c2,-0.146500788849199,1.13788469162019,-0.128748360820816,0.897556767423697,negbinom-arr24,1.23545377893975,0.301185559648412,1745.32536763407,315,282
n_ape5610c,0.0231150054737454,0.0508605002460866,0.454478531707402,0.649484440334248,negbinom-arr24,1.23545377893975,0.301185559648412,1745.32536763407,315,282
n_ape9312z,-0.0571409364367795,0.043754941965899,-1.30593103017513,0.191576013066191,negbinom-arr24,1.23545377893975,0.301185559648412,1745.32536763407,315,282
n_ape4722z,0.610018608093023,0.289156530742497,2.10964838499969,0.0348886534125962,negbinom-arr24,1.23545377893975,0.301185559648412,1745.32536763407,315,282
n_ape4723z,-0.0626857201105587,0.414619612343552,-0.151188506873181,0.879827016266232,negbinom-arr24,1.23545377893975,0.301185559648412,1745.32536763407,315,282
coups,0.0553453063988394,0.0231231397832903,2.39350308468204,0.0166883409999022,negbinom-arr24,1.23545377893975,0.301185559648412,1745.32536763407,315,282
ac_prop,0.99027661330192,0.598135329691733,1.65560628865091,0.0978015758326892,negbinom-arr24,1.23545377893975,0.301185559648412,1745.32536763407,315,282
water_no3:prop_robinet,3.68428526153582e-05,8.43349556054541e-05,0.436863366451757,0.662210440811378,negbinom-arr24,1.23545377893975,0.301185559648412,1745.32536763407,315,282
prop_robinet:water_ph,0.00308087656132641,0.00366814755520114,0.839899844529963,0.400964544815381,negbinom-arr24,1.23545377893975,0.301185559648412,1745.32536763407,315,282
(Intercept),-8.35672367331149,0.472268102844016,-17.694872092752,4.59271985152138e-70,poisson-bv2022,1.19724287470613,0.0228698186877424,4670.68167516925,1628,1602
PC1,-0.035379519562608,0.00984780261313838,-3.59263085913264,0.000327356168898506,poisson-bv2022,1.19724287470613,0.0228698186877424,4670.68167516925,1628,1602
PC2,-0.0390760202483922,0.0206021973808273,-1.89669186864295,0.0578686175239308,poisson-bv2022,1.19724287470613,0.0228698186877424,4670.68167516925,1628,1602
PC3,-0.00867862925076498,0.01787297768361,-0.48557265635281,0.627270187195484,poisson-bv2022,1.19724287470613,0.0228698186877424,4670.68167516925,1628,1602
diag_vitamin_d,0.0339992798404407,0.0379022572458333,0.897025198787556,0.369705470929932,poisson-bv2022,1.19724287470613,0.0228698186877424,4670.68167516925,1628,1602
diag_calcium,0.307284957467864,0.115415552742978,2.66242243930647,0.00775804464125474,poisson-bv2022,1.19724287470613,0.0228698186877424,4670.68167516925,1628,1602
diag_family,0.0161222844177473,0.0262707267183555,0.613697694418274,0.539415112208884,poisson-bv2022,1.19724287470613,0.0228698186877424,4670.68167516925,1628,1602
diag_other_minerals,-0.018459583768173,0.142429064551542,-0.129605455363311,0.896878586900472,poisson-bv2022,1.19724287470613,0.0228698186877424,4670.68167516925,1628,1602
diag_tabacco,0.0335221293441556,0.0169145306809345,1.98185394419134,0.0474955898684591,poisson-bv2022,1.19724287470613,0.0228698186877424,4670.68167516925,1628,1602
diag_vitamin_b9,0.0321967791174849,0.0710770460178849,0.452984204061932,0.650560115866784,poisson-bv2022,1.19724287470613,0.0228698186877424,4670.68167516925,1628,1602
diag_vitamin_b12,0.0926066661088146,0.0792490162343023,1.16855287938238,0.242583822455724,poisson-bv2022,1.19724287470613,0.0228698186877424,4670.68167516925,1628,1602
somo35_mean,2.63553036976975e-05,2.32980112544208e-05,1.13122546855567,0.257960204940756,poisson-bv2022,1.19724287470613,0.0228698186877424,4670.68167516925,1628,1602
pm10_mean_concentration,0.0186426162600461,0.015357818582458,1.21388439119473,0.224791874156426,poisson-bv2022,1.19724287470613,0.0228698186877424,4670.68167516925,1628,1602
o3_mean_concentration,-0.00406319689600235,0.00616727388352659,-0.658831920349047,0.510003707147478,poisson-bv2022,1.19724287470613,0.0228698186877424,4670.68167516925,1628,1602
no2_mean_concentration,-0.0196753267919241,0.00898522312751539,-2.18974270451587,0.0285429021095999,poisson-bv2022,1.19724287470613,0.0228698186877424,4670.68167516925,1628,1602
ges_resid,6.63402699223822e-06,9.01476649942803e-05,0.0735906691832687,0.941336095920704,poisson-bv2022,1.19724287470613,0.0228698186877424,4670.68167516925,1628,1602
n_equip_d2,-0.00780794060683651,0.0129556907648466,-0.602664940724134,0.546731609132787,poisson-bv2022,1.19724287470613,0.0228698186877424,4670.68167516925,1628,1602
n_equip_a1,-0.122552541342021,0.0346429262175948,-3.53759207788219,0.000403793365789628,poisson-bv2022,1.19724287470613,0.0228698186877424,4670.68167516925,1628,1602
n_equip_c1,0.00352680650721929,0.108167388245665,0.032605081479913,0.973989517551524,poisson-bv2022,1.19724287470613,0.0228698186877424,4670.68167516925,1628,1602
n_equip_c2,0.338040781960516,0.475075855092917,0.711551173010889,0.476742751773736,poisson-bv2022,1.19724287470613,0.0228698186877424,4670.68167516925,1628,1602
n_ape5610c,0.0408996485656116,0.0289976611340284,1.41044646244301,0.158407894302359,poisson-bv2022,1.19724287470613,0.0228698186877424,4670.68167516925,1628,1602
n_ape9312z,-0.0621324462922737,0.026322154713617,-2.36046201263802,0.0182521875501607,poisson-bv2022,1.19724287470613,0.0228698186877424,4670.68167516925,1628,1602
n_ape4722z,0.0924184243226949,0.152770923835511,0.604947734833377,0.545213724552834,poisson-bv2022,1.19724287470613,0.0228698186877424,4670.68167516925,1628,1602
n_ape4723z,-0.315978383520246,0.224004693837255,-1.41058822521733,0.158366065543382,poisson-bv2022,1.19724287470613,0.0228698186877424,4670.68167516925,1628,1602
coups,0.0475555021812267,0.0378775385996889,1.25550666540981,0.209294889957158,poisson-bv2022,1.19724287470613,0.0228698186877424,4670.68167516925,1628,1602
ac_prop,0.239096633708399,0.292881847410318,0.816358664159313,0.414295030976934,poisson-bv2022,1.19724287470613,0.0228698186877424,4670.68167516925,1628,1602
(Intercept),-8.2872100777416,0.591215505568307,-14.017240751789,1.22277055200002e-44,negbinom-bv2022,1.08994489054015,0.313823118159005,4649.56452999537,1628,1602
PC1,-0.0363107672972592,0.01144757482702,-3.17191788181669,0.00151435821493181,negbinom-bv2022,1.08994489054015,0.313823118159005,4649.56452999537,1628,1602
PC2,-0.0498194881120009,0.0234552110989508,-2.12402642218085,0.0336679342276635,negbinom-bv2022,1.08994489054015,0.313823118159005,4649.56452999537,1628,1602
PC3,0.000509343576567519,0.0207652674846461,0.0245286306542466,0.980430946621981,negbinom-bv2022,1.08994489054015,0.313823118159005,4649.56452999537,1628,1602
diag_vitamin_d,0.0355170507840055,0.0426804239593034,0.832162558129031,0.405317194765445,negbinom-bv2022,1.08994489054015,0.313823118159005,4649.56452999537,1628,1602
diag_calcium,0.316306808078475,0.130736097974886,2.41942977477604,0.0155448619279509,negbinom-bv2022,1.08994489054015,0.313823118159005,4649.56452999537,1628,1602
diag_family,-0.00090072835367314,0.0297825973870918,-0.0302434452565084,0.975872900059991,negbinom-bv2022,1.08994489054015,0.313823118159005,4649.56452999537,1628,1602
diag_other_minerals,-0.0708755623229482,0.162149686518367,-0.437099595101099,0.662039120935655,negbinom-bv2022,1.08994489054015,0.313823118159005,4649.56452999537,1628,1602
diag_tabacco,0.0337815577702178,0.0188046700206892,1.79644512416601,0.0724237527620603,negbinom-bv2022,1.08994489054015,0.313823118159005,4649.56452999537,1628,1602
diag_vitamin_b9,0.0258765865780297,0.0774827881855867,0.333965609446709,0.738405509880087,negbinom-bv2022,1.08994489054015,0.313823118159005,4649.56452999537,1628,1602
diag_vitamin_b12,0.0826208992579091,0.0878752636889622,0.940206558586828,0.347111618267217,negbinom-bv2022,1.08994489054015,0.313823118159005,4649.56452999537,1628,1602
somo35_mean,1.72404616548677e-05,2.9755521537228e-05,0.57940378001097,0.562316754145014,negbinom-bv2022,1.08994489054015,0.313823118159005,4649.56452999537,1628,1602
pm10_mean_concentration,0.00137484311845971,0.0195426313608979,0.07035097234708,0.943914312906209,negbinom-bv2022,1.08994489054015,0.313823118159005,4649.56452999537,1628,1602
o3_mean_concentration,-0.00176412268731504,0.00768170119008147,-0.229652604763234,0.818361726455081,negbinom-bv2022,1.08994489054015,0.313823118159005,4649.56452999537,1628,1602
no2_mean_concentration,-0.00920482713625872,0.0119326636543518,-0.771397518851689,0.440471345307766,negbinom-bv2022,1.08994489054015,0.313823118159005,4649.56452999537,1628,1602
ges_resid,6.1889790892473e-05,0.000107210979217088,0.577271015939091,0.563756390100668,negbinom-bv2022,1.08994489054015,0.313823118159005,4649.56452999537,1628,1602
n_equip_d2,-0.00849126684918993,0.0159719041468639,-0.531637729046677,0.594976928363953,negbinom-bv2022,1.08994489054015,0.313823118159005,4649.56452999537,1628,1602
n_equip_a1,-0.100535318384291,0.0365538979777217,-2.75033098920295,0.00595350946702492,negbinom-bv2022,1.08994489054015,0.313823118159005,4649.56452999537,1628,1602
n_equip_c1,-0.0184382712784201,0.115204875191588,-0.160047665064147,0.872843526838885,negbinom-bv2022,1.08994489054015,0.313823118159005,4649.56452999537,1628,1602
n_equip_c2,0.241882896945849,0.495388046786932,0.48826954649934,0.625358929225579,negbinom-bv2022,1.08994489054015,0.313823118159005,4649.56452999537,1628,1602
n_ape5610c,0.0266191526809951,0.031471617498577,0.845814571882069,0.397656195096962,negbinom-bv2022,1.08994489054015,0.313823118159005,4649.56452999537,1628,1602
n_ape9312z,-0.0562403702783271,0.0292117505914061,-1.9252653175422,0.0541961742324345,negbinom-bv2022,1.08994489054015,0.313823118159005,4649.56452999537,1628,1602
n_ape4722z,0.0536036075272257,0.163846757466362,0.327156962738373,0.743549170064037,negbinom-bv2022,1.08994489054015,0.313823118159005,4649.56452999537,1628,1602
n_ape4723z,-0.222157489412781,0.237449968341876,-0.935597047934422,0.349480695075187,negbinom-bv2022,1.08994489054015,0.313823118159005,4649.56452999537,1628,1602
coups,0.0465282079155501,0.041193549231154,1.12950228334201,0.258686006876127,negbinom-bv2022,1.08994489054015,0.313823118159005,4649.56452999537,1628,1602
ac_prop,0.44180346513892,0.333651973007631,1.32414462038507,0.185455018970388,negbinom-bv2022,1.08994489054015,0.313823118159005,4649.56452999537,1628,1602
(Intercept),-7.41523992682605,3.27644853443442,-2.26319438529074,0.0236237091932542,poisson-arr24-female,1.28409847208,0.0812706734255941,1443.79072614655,315,282
PC1,0.00610538977727926,0.0142469438852649,0.428540311974827,0.668257790890582,poisson-arr24-female,1.28409847208,0.0812706734255941,1443.79072614655,315,282
PC2,0.030367332119922,0.025913996017198,1.17185061307289,0.241257038118115,poisson-arr24-female,1.28409847208,0.0812706734255941,1443.79072614655,315,282
PC3,0.0582078938674346,0.0237757742232459,2.44820182597982,0.0143571208431896,poisson-arr24-female,1.28409847208,0.0812706734255941,1443.79072614655,315,282
tm_summer,0.0562682653038816,0.0402804723152028,1.39691175574038,0.162440109033721,poisson-arr24-female,1.28409847208,0.0812706734255941,1443.79072614655,315,282
tm_winter,-0.0343756278914919,0.0328390471575673,-1.04679127036031,0.295195857480912,poisson-arr24-female,1.28409847208,0.0812706734255941,1443.79072614655,315,282
diag_vitamin_d,0.121071279641821,0.0866028477446114,1.39800575610233,0.162111338670983,poisson-arr24-female,1.28409847208,0.0812706734255941,1443.79072614655,315,282
diag_calcium,0.15666289110668,0.127715939303458,1.22665105045692,0.219953772902637,poisson-arr24-female,1.28409847208,0.0812706734255941,1443.79072614655,315,282
diag_family,0.0279883223031978,0.0503812321573882,0.555530722546916,0.578531702053664,poisson-arr24-female,1.28409847208,0.0812706734255941,1443.79072614655,315,282
diag_other_minerals,-0.0734780668053689,0.128307871776668,-0.572669983438463,0.566868164948733,poisson-arr24-female,1.28409847208,0.0812706734255941,1443.79072614655,315,282
diag_tabacco,0.0415181119017165,0.0328655105308725,1.26327299442727,0.206491087979846,poisson-arr24-female,1.28409847208,0.0812706734255941,1443.79072614655,315,282
diag_vitamin_b9,-0.00411816413995434,0.0987201562845446,-0.0417155350532915,0.966725469559707,poisson-arr24-female,1.28409847208,0.0812706734255941,1443.79072614655,315,282
diag_vitamin_b12,0.12591024017993,0.0887227380643848,1.41914285928099,0.155857370831554,poisson-arr24-female,1.28409847208,0.0812706734255941,1443.79072614655,315,282
somo35_mean,-4.96592653920188e-05,5.69332946338454e-05,-0.872235933497121,0.383079680172322,poisson-arr24-female,1.28409847208,0.0812706734255941,1443.79072614655,315,282
pm10_mean_concentration,0.0153756367149126,0.0311355104081375,0.493829602064082,0.621426525281301,poisson-arr24-female,1.28409847208,0.0812706734255941,1443.79072614655,315,282
o3_mean_concentration,0.000499942595894055,0.0129125843049971,0.0387174700342968,0.969115644779096,poisson-arr24-female,1.28409847208,0.0812706734255941,1443.79072614655,315,282
no2_mean_concentration,-0.0289712058321941,0.01564313903649,-1.85200718120668,0.0640247917144123,poisson-arr24-female,1.28409847208,0.0812706734255941,1443.79072614655,315,282
ges_resid,5.64608258402002e-05,0.000165864678499466,0.34040294986845,0.733553097522407,poisson-arr24-female,1.28409847208,0.0812706734255941,1443.79072614655,315,282
water_no3,-0.00683506171909681,0.00768509360358448,-0.889392123462075,0.373792376590645,poisson-arr24-female,1.28409847208,0.0812706734255941,1443.79072614655,315,282
prop_robinet,-0.0196711086841214,0.0342144320919468,-0.574935998682014,0.565334582516816,poisson-arr24-female,1.28409847208,0.0812706734255941,1443.79072614655,315,282
water_ph,-0.21223186886786,0.383460149561105,-0.553465253457949,0.579944867064317,poisson-arr24-female,1.28409847208,0.0812706734255941,1443.79072614655,315,282
n_equip_d2,-0.0896900468189024,0.0241367683730429,-3.71590949677723,0.000202474052573168,poisson-arr24-female,1.28409847208,0.0812706734255941,1443.79072614655,315,282
n_equip_a1,-0.113355014017333,0.0654043063788303,-1.7331429731976,0.0830702599453403,poisson-arr24-female,1.28409847208,0.0812706734255941,1443.79072614655,315,282
n_equip_c1,0.11142678472042,0.220810735715382,0.504625757255054,0.613821715348128,poisson-arr24-female,1.28409847208,0.0812706734255941,1443.79072614655,315,282
n_equip_c2,0.420181109354678,1.48575739956873,0.282806001488966,0.777325553542706,poisson-arr24-female,1.28409847208,0.0812706734255941,1443.79072614655,315,282
n_ape5610c,0.0636243748889901,0.0604115683162299,1.05318197594114,0.292257597540409,poisson-arr24-female,1.28409847208,0.0812706734255941,1443.79072614655,315,282
n_ape9312z,-0.0743459648501991,0.0553374762065746,-1.34350118485104,0.179109742629952,poisson-arr24-female,1.28409847208,0.0812706734255941,1443.79072614655,315,282
n_ape4722z,0.393547229602105,0.376375358215315,1.04562432426027,0.295734514327333,poisson-arr24-female,1.28409847208,0.0812706734255941,1443.79072614655,315,282
n_ape4723z,-0.0943708706099628,0.52377362356207,-0.180174919783412,0.857015247316704,poisson-arr24-female,1.28409847208,0.0812706734255941,1443.79072614655,315,282
coups,0.0628854015342896,0.0239807530678565,2.62232805435041,0.00873313230587816,poisson-arr24-female,1.28409847208,0.0812706734255941,1443.79072614655,315,282
ac_prop,1.02542038516066,0.729462122283205,1.40572122093346,0.159806922962659,poisson-arr24-female,1.28409847208,0.0812706734255941,1443.79072614655,315,282
water_no3:prop_robinet,-0.000132210293014774,0.000102685116751021,-1.28753121385003,0.197909197257973,poisson-arr24-female,1.28409847208,0.0812706734255941,1443.79072614655,315,282
prop_robinet:water_ph,0.00263550562773378,0.00443759869868723,0.593903551601779,0.552576623437014,poisson-arr24-female,1.28409847208,0.0812706734255941,1443.79072614655,315,282
(Intercept),-6.92283149897504,3.5535385731377,-1.94815149927086,0.0513968381934744,negbinom-arr24-female,1.16168410065937,0.297741086891179,1443.02413448998,315,282
PC1,0.00538876689511065,0.0155099980560903,0.347438270180482,0.728262086449483,negbinom-arr24-female,1.16168410065937,0.297741086891179,1443.02413448998,315,282
PC2,0.0316567565751181,0.0280824923188004,1.12727731626316,0.2596252499704,negbinom-arr24-female,1.16168410065937,0.297741086891179,1443.02413448998,315,282
PC3,0.0495529849161867,0.0260277059582437,1.90385526083953,0.0569290371754653,negbinom-arr24-female,1.16168410065937,0.297741086891179,1443.02413448998,315,282
tm_summer,0.0524629112636344,0.0434152235919857,1.20839896522654,0.226893837643223,negbinom-arr24-female,1.16168410065937,0.297741086891179,1443.02413448998,315,282
tm_winter,-0.038074614599172,0.0357851412794391,-1.0639783227864,0.287338519668423,negbinom-arr24-female,1.16168410065937,0.297741086891179,1443.02413448998,315,282
diag_vitamin_d,0.101753326353415,0.094763529416106,1.07376041163068,0.282930077409241,negbinom-arr24-female,1.16168410065937,0.297741086891179,1443.02413448998,315,282
diag_calcium,0.166120912123104,0.137083207798168,1.21182539270374,0.225579225994,negbinom-arr24-female,1.16168410065937,0.297741086891179,1443.02413448998,315,282
diag_family,0.0229329387982743,0.0536381532822391,0.427549000011303,0.668979503333922,negbinom-arr24-female,1.16168410065937,0.297741086891179,1443.02413448998,315,282
diag_other_minerals,-0.0903026074028493,0.134152256729121,-0.673135209236083,0.50086127588559,negbinom-arr24-female,1.16168410065937,0.297741086891179,1443.02413448998,315,282
diag_tabacco,0.0375300036440322,0.0348756769838952,1.07610824762951,0.281878847491499,negbinom-arr24-female,1.16168410065937,0.297741086891179,1443.02413448998,315,282
diag_vitamin_b9,-0.00275476724947846,0.102340548011812,-0.0269176519277629,0.978525414415985,negbinom-arr24-female,1.16168410065937,0.297741086891179,1443.02413448998,315,282
diag_vitamin_b12,0.129020766298342,0.0913927427953071,1.41171784927508,0.158033055577571,negbinom-arr24-female,1.16168410065937,0.297741086891179,1443.02413448998,315,282
somo35_mean,-5.65347786296501e-05,6.14878278967153e-05,-0.919446670398162,0.357861987715607,negbinom-arr24-female,1.16168410065937,0.297741086891179,1443.02413448998,315,282
pm10_mean_concentration,0.0135328612249669,0.0341036393500989,0.396815749956834,0.691503335489265,negbinom-arr24-female,1.16168410065937,0.297741086891179,1443.02413448998,315,282
o3_mean_concentration,-0.000464361967802568,0.0139294958078129,-0.0333365955386635,0.973406170948324,negbinom-arr24-female,1.16168410065937,0.297741086891179,1443.02413448998,315,282
no2_mean_concentration,-0.0307735399424074,0.0170454722172774,-1.80537913823326,0.0710153734022434,negbinom-arr24-female,1.16168410065937,0.297741086891179,1443.02413448998,315,282
ges_resid,4.88954698173165e-05,0.000177947313988789,0.274774980983399,0.78348912077662,negbinom-arr24-female,1.16168410065937,0.297741086891179,1443.02413448998,315,282
water_no3,-0.00714806411201675,0.00845024180616009,-0.84590054059825,0.397608230910873,negbinom-arr24-female,1.16168410065937,0.297741086891179,1443.02413448998,315,282
prop_robinet,-0.0185532894746274,0.0375377522738165,-0.494256804171217,0.621124827280891,negbinom-arr24-female,1.16168410065937,0.297741086891179,1443.02413448998,315,282
water_ph,-0.249688000171131,0.415819694947431,-0.600471798726842,0.548191850125103,negbinom-arr24-female,1.16168410065937,0.297741086891179,1443.02413448998,315,282
n_equip_d2,-0.0855037790269892,0.026135015340642,-3.27161770951878,0.00106934063566765,negbinom-arr24-female,1.16168410065937,0.297741086891179,1443.02413448998,315,282
n_equip_a1,-0.111657292477299,0.0679570378084463,-1.64305708544908,0.10037112278986,negbinom-arr24-female,1.16168410065937,0.297741086891179,1443.02413448998,315,282
n_equip_c1,0.0841924631458945,0.231462712616893,0.363740933448949,0.716051473636315,negbinom-arr24-female,1.16168410065937,0.297741086891179,1443.02413448998,315,282
n_equip_c2,0.595306919542203,1.54690322268851,0.384837855924537,0.700357550114901,negbinom-arr24-female,1.16168410065937,0.297741086891179,1443.02413448998,315,282
n_ape5610c,0.0816534265771831,0.0666565263355739,1.22498772537454,0.220579845327436,negbinom-arr24-female,1.16168410065937,0.297741086891179,1443.02413448998,315,282
n_ape9312z,-0.0740181872830309,0.0591647297631394,-1.25105257100566,0.210915297978216,negbinom-arr24-female,1.16168410065937,0.297741086891179,1443.02413448998,315,282
n_ape4722z,0.391700803313424,0.396259949262393,0.988494557783456,0.322910498455912,negbinom-arr24-female,1.16168410065937,0.297741086891179,1443.02413448998,315,282
n_ape4723z,-0.119752761273589,0.560502853575878,-0.213652366815966,0.830818159327944,negbinom-arr24-female,1.16168410065937,0.297741086891179,1443.02413448998,315,282
coups,0.0633766599555829,0.0285499550907859,2.21985147626508,0.026428851294621,negbinom-arr24-female,1.16168410065937,0.297741086891179,1443.02413448998,315,282
ac_prop,1.17668580581043,0.786968346472309,1.49521363989426,0.134858694879644,negbinom-arr24-female,1.16168410065937,0.297741086891179,1443.02413448998,315,282
water_no3:prop_robinet,-0.000107001335430097,0.000111954195929038,-0.955759938626333,0.33919353244861,negbinom-arr24-female,1.16168410065937,0.297741086891179,1443.02413448998,315,282
prop_robinet:water_ph,0.00243990478187736,0.00486729610212953,0.501285463362268,0.616170234360659,negbinom-arr24-female,1.16168410065937,0.297741086891179,1443.02413448998,315,282
(Intercept),-8.12907764989199,0.676133862028284,-12.0228820155615,2.69408003436185e-33,poisson-bv2022-female,0.98858908295431,0.0243848908049706,3369.00381974716,1628,1602
PC1,-0.0350213351873038,0.014143581912334,-2.47612913082245,0.0132815531580609,poisson-bv2022-female,0.98858908295431,0.0243848908049706,3369.00381974716,1628,1602
PC2,-0.0358274070623326,0.0295247913319145,-1.21346859524136,0.224950714247381,poisson-bv2022-female,0.98858908295431,0.0243848908049706,3369.00381974716,1628,1602
PC3,-0.0240648680524384,0.0258673133288256,-0.930319579251446,0.352205643377143,poisson-bv2022-female,0.98858908295431,0.0243848908049706,3369.00381974716,1628,1602
diag_vitamin_d,0.0667009190811787,0.0535059216121039,1.24660817104942,0.212541204186506,poisson-bv2022-female,0.98858908295431,0.0243848908049706,3369.00381974716,1628,1602
diag_calcium,0.296485950407882,0.16658015414826,1.77983957287014,0.0751022192364307,poisson-bv2022-female,0.98858908295431,0.0243848908049706,3369.00381974716,1628,1602
diag_family,0.0389972819239084,0.0375909391468249,1.03741174892148,0.299544005130397,poisson-bv2022-female,0.98858908295431,0.0243848908049706,3369.00381974716,1628,1602
diag_other_minerals,-0.0190883742093979,0.204293472746356,-0.0934360454731582,0.925557155612911,poisson-bv2022-female,0.98858908295431,0.0243848908049706,3369.00381974716,1628,1602
diag_tabacco,0.0148127815219352,0.0246053389469322,0.602014934802678,0.547164196109598,poisson-bv2022-female,0.98858908295431,0.0243848908049706,3369.00381974716,1628,1602
diag_vitamin_b9,0.0438707257429424,0.100400897741845,0.436955512646358,0.662143611611735,poisson-bv2022-female,0.98858908295431,0.0243848908049706,3369.00381974716,1628,1602
diag_vitamin_b12,0.00578431090304855,0.121530861128999,0.0475954078603031,0.9620386918804,poisson-bv2022-female,0.98858908295431,0.0243848908049706,3369.00381974716,1628,1602
somo35_mean,6.81405226068477e-05,3.3332449687984e-05,2.04426987049235,0.0409268940071852,poisson-bv2022-female,0.98858908295431,0.0243848908049706,3369.00381974716,1628,1602
pm10_mean_concentration,0.0192061741189575,0.0220378152901155,0.871509896335866,0.383475804710445,poisson-bv2022-female,0.98858908295431,0.0243848908049706,3369.00381974716,1628,1602
o3_mean_concentration,-0.0113046795490981,0.00888839528639375,-1.27184707529864,0.203427459212467,poisson-bv2022-female,0.98858908295431,0.0243848908049706,3369.00381974716,1628,1602
no2_mean_concentration,-0.0327540670196258,0.0129042062409143,-2.53824732867142,0.0111409218870859,poisson-bv2022-female,0.98858908295431,0.0243848908049706,3369.00381974716,1628,1602
ges_resid,8.32529205454489e-05,0.000129737983272527,0.641700436876438,0.521067705522133,poisson-bv2022-female,0.98858908295431,0.0243848908049706,3369.00381974716,1628,1602
n_equip_d2,-0.000914397519637919,0.0184418332350219,-0.0495827886514794,0.960454862426815,poisson-bv2022-female,0.98858908295431,0.0243848908049706,3369.00381974716,1628,1602
n_equip_a1,-0.110247136216677,0.0501548972889243,-2.19813302740076,0.0279396275377485,poisson-bv2022-female,0.98858908295431,0.0243848908049706,3369.00381974716,1628,1602
n_equip_c1,0.0488760869141616,0.156418581242114,0.31246982632139,0.754683490975791,poisson-bv2022-female,0.98858908295431,0.0243848908049706,3369.00381974716,1628,1602
n_equip_c2,-0.517583851960317,0.709314893327893,-0.729695452370905,0.465576361499775,poisson-bv2022-female,0.98858908295431,0.0243848908049706,3369.00381974716,1628,1602
n_ape5610c,0.0411974639149266,0.0405615686012303,1.01567728605242,0.309783087816177,poisson-bv2022-female,0.98858908295431,0.0243848908049706,3369.00381974716,1628,1602
n_ape9312z,-0.0815107513019843,0.038092760094808,-2.13979641010824,0.0323712234679697,poisson-bv2022-female,0.98858908295431,0.0243848908049706,3369.00381974716,1628,1602
n_ape4722z,0.291933078338954,0.217498118762554,1.34223265929791,0.17952057013852,poisson-bv2022-female,0.98858908295431,0.0243848908049706,3369.00381974716,1628,1602
n_ape4723z,-0.197511308540482,0.30750676808662,-0.642299061479018,0.520679023535426,poisson-bv2022-female,0.98858908295431,0.0243848908049706,3369.00381974716,1628,1602
coups,0.0647176367323018,0.0506403433840067,1.27798574037199,0.201254454196458,poisson-bv2022-female,0.98858908295431,0.0243848908049706,3369.00381974716,1628,1602
ac_prop,0.425544117209407,0.412844176496151,1.03076206819978,0.302652410182354,poisson-bv2022-female,0.98858908295431,0.0243848908049706,3369.00381974716,1628,1602
(Intercept),-8.0714897495859,0.732991033843625,-11.0117168927169,3.35547558919598e-28,negbinom-bv2022-female,0.966006148339068,0.307680949008237,3369.61168747305,1628,1602
PC1,-0.0369000474716153,0.0149301472032719,-2.47151263609303,0.0134542796361034,negbinom-bv2022-female,0.966006148339068,0.307680949008237,3369.61168747305,1628,1602
PC2,-0.0373532915430934,0.0306356003827807,-1.21927728121459,0.222738968492536,negbinom-bv2022-female,0.966006148339068,0.307680949008237,3369.61168747305,1628,1602
PC3,-0.0234920894689072,0.0270996653367185,-0.866877475312461,0.386009146325337,negbinom-bv2022-female,0.966006148339068,0.307680949008237,3369.61168747305,1628,1602
diag_vitamin_d,0.0732447456602834,0.0554934954449668,1.31987983587951,0.186875140854435,negbinom-bv2022-female,0.966006148339068,0.307680949008237,3369.61168747305,1628,1602
diag_calcium,0.304784038027589,0.171363935066571,1.7785774930366,0.0753090567631204,negbinom-bv2022-female,0.966006148339068,0.307680949008237,3369.61168747305,1628,1602
diag_family,0.0276417105905096,0.0392088316650773,0.704986846499933,0.480818421862658,negbinom-bv2022-female,0.966006148339068,0.307680949008237,3369.61168747305,1628,1602
diag_other_minerals,-0.0618369423327021,0.213982546025609,-0.288981243943613,0.772595730679216,negbinom-bv2022-female,0.966006148339068,0.307680949008237,3369.61168747305,1628,1602
diag_tabacco,0.0119883583486257,0.0254038687874948,0.471910733318188,0.636990506521195,negbinom-bv2022-female,0.966006148339068,0.307680949008237,3369.61168747305,1628,1602
diag_vitamin_b9,0.0410193913602592,0.102866126425525,0.398764810007279,0.690066508515852,negbinom-bv2022-female,0.966006148339068,0.307680949008237,3369.61168747305,1628,1602
diag_vitamin_b12,-0.00206970325620981,0.124947609689119,-0.0165645686328808,0.986783990813197,negbinom-bv2022-female,0.966006148339068,0.307680949008237,3369.61168747305,1628,1602
somo35_mean,6.31886797945992e-05,3.68133492243302e-05,1.71646104269256,0.0860776923454306,negbinom-bv2022-female,0.966006148339068,0.307680949008237,3369.61168747305,1628,1602
pm10_mean_concentration,0.0130977261057606,0.0240816844519128,0.54388745654045,0.586518921155032,negbinom-bv2022-female,0.966006148339068,0.307680949008237,3369.61168747305,1628,1602
o3_mean_concentration,-0.0109741004714558,0.00963453898880944,-1.13903742402229,0.254687545322703,negbinom-bv2022-female,0.966006148339068,0.307680949008237,3369.61168747305,1628,1602
no2_mean_concentration,-0.0268126591349642,0.0145934685951639,-1.83730543291466,0.066164818313638,negbinom-bv2022-female,0.966006148339068,0.307680949008237,3369.61168747305,1628,1602
ges_resid,0.000100389276573414,0.00013720306204234,0.731683936780025,0.464361503009868,negbinom-bv2022-female,0.966006148339068,0.307680949008237,3369.61168747305,1628,1602
n_equip_d2,-0.00356572877492649,0.0203291422421434,-0.175399863528652,0.860765447812075,negbinom-bv2022-female,0.966006148339068,0.307680949008237,3369.61168747305,1628,1602
n_equip_a1,-0.0975562713444123,0.0508434456715405,-1.91875806322504,0.0550149594616674,negbinom-bv2022-female,0.966006148339068,0.307680949008237,3369.61168747305,1628,1602
n_equip_c1,0.0361239665279614,0.159182168372902,0.226934755929049,0.820474475682981,negbinom-bv2022-female,0.966006148339068,0.307680949008237,3369.61168747305,1628,1602
n_equip_c2,-0.510897293595804,0.716457004912384,-0.713088559526726,0.475790958378886,negbinom-bv2022-female,0.966006148339068,0.307680949008237,3369.61168747305,1628,1602
n_ape5610c,0.0344318220704903,0.0417031194361568,0.825641403713263,0.409007540924897,negbinom-bv2022-female,0.966006148339068,0.307680949008237,3369.61168747305,1628,1602
n_ape9312z,-0.0773058427699556,0.0394558948751839,-1.95929766678737,0.0500779368494506,negbinom-bv2022-female,0.966006148339068,0.307680949008237,3369.61168747305,1628,1602
n_ape4722z,0.263753314138616,0.222277068549413,1.18659705141821,0.235386599527567,negbinom-bv2022-female,0.966006148339068,0.307680949008237,3369.61168747305,1628,1602
n_ape4723z,-0.145130184431167,0.312904577143087,-0.46381611210756,0.642779498715465,negbinom-bv2022-female,0.966006148339068,0.307680949008237,3369.61168747305,1628,1602
coups,0.0691846858822943,0.0516663923451828,1.33906554613049,0.180549335569391,negbinom-bv2022-female,0.966006148339068,0.307680949008237,3369.61168747305,1628,1602
ac_prop,0.507036922110042,0.433521747903057,1.16957666959634,0.242171370653716,negbinom-bv2022-female,0.966006148339068,0.307680949008237,3369.61168747305,1628,1602
(Intercept),-8.12153565912063,3.13167393491431,-2.59335289302487,0.0095045190183946,poisson-arr24-male,1.30001695859945,0.0629909753523724,1471.98808070578,315,282
PC1,2.53618370120496e-05,0.0138841948390354,0.00182666962730491,0.998542529317215,poisson-arr24-male,1.30001695859945,0.0629909753523724,1471.98808070578,315,282
PC2,-0.0246790784579491,0.0257670213333051,-0.957777701144298,0.338174865785873,poisson-arr24-male,1.30001695859945,0.0629909753523724,1471.98808070578,315,282
PC3,0.0801607891692893,0.0230333649844529,3.48020314111274,0.000501033729320774,poisson-arr24-male,1.30001695859945,0.0629909753523724,1471.98808070578,315,282
tm_summer,0.013680214283853,0.039429735402161,0.346951714088937,0.728627594625544,poisson-arr24-male,1.30001695859945,0.0629909753523724,1471.98808070578,315,282
tm_winter,-0.040160313768196,0.0325515828698853,-1.23374380682882,0.21729838459109,poisson-arr24-male,1.30001695859945,0.0629909753523724,1471.98808070578,315,282
diag_vitamin_d,0.0957526707568784,0.0848818213346987,1.12807040719961,0.259290185697011,poisson-arr24-male,1.30001695859945,0.0629909753523724,1471.98808070578,315,282
diag_calcium,0.0316143029584416,0.128761293323503,0.245526447757969,0.806048832413745,poisson-arr24-male,1.30001695859945,0.0629909753523724,1471.98808070578,315,282
diag_family,-0.0268251495949769,0.0484841431035382,-0.553276759737541,0.580073912376989,poisson-arr24-male,1.30001695859945,0.0629909753523724,1471.98808070578,315,282
diag_other_minerals,-0.128582306134346,0.127825830794478,-1.00591801621915,0.31445500898933,poisson-arr24-male,1.30001695859945,0.0629909753523724,1471.98808070578,315,282
diag_tabacco,0.0942632289320082,0.0310590218116451,3.03497094994362,0.00240558856281288,poisson-arr24-male,1.30001695859945,0.0629909753523724,1471.98808070578,315,282
diag_vitamin_b9,-0.128132998178553,0.10019306161321,-1.27886099212343,0.200946011191665,poisson-arr24-male,1.30001695859945,0.0629909753523724,1471.98808070578,315,282
diag_vitamin_b12,0.0788152432025072,0.088044827748824,0.895171757588678,0.370695279613534,poisson-arr24-male,1.30001695859945,0.0629909753523724,1471.98808070578,315,282
somo35_mean,-6.24328213124368e-05,5.68513462209659e-05,-1.0981766565347,0.272127357365624,poisson-arr24-male,1.30001695859945,0.0629909753523724,1471.98808070578,315,282
pm10_mean_concentration,0.0267086874782946,0.0302546819858585,0.882795181611183,0.377346944327934,poisson-arr24-male,1.30001695859945,0.0629909753523724,1471.98808070578,315,282
o3_mean_concentration,0.00601691381630521,0.0127415807888736,0.47222663466996,0.636765030411454,poisson-arr24-male,1.30001695859945,0.0629909753523724,1471.98808070578,315,282
no2_mean_concentration,-0.0155945816074827,0.0153689987305484,-1.01467778616481,0.310259446436788,poisson-arr24-male,1.30001695859945,0.0629909753523724,1471.98808070578,315,282
ges_resid,-6.01411814377894e-05,0.000161012357739448,-0.373519040911819,0.708762176507683,poisson-arr24-male,1.30001695859945,0.0629909753523724,1471.98808070578,315,282
water_no3,-0.0112207839918055,0.00738311820514808,-1.51978929227782,0.128563941137562,poisson-arr24-male,1.30001695859945,0.0629909753523724,1471.98808070578,315,282
prop_robinet,-0.0259916508352575,0.0326892366399046,-0.79511342285457,0.426547527277743,poisson-arr24-male,1.30001695859945,0.0629909753523724,1471.98808070578,315,282
water_ph,-0.0560276890144861,0.36411186803216,-0.153874932221483,0.877708349866533,poisson-arr24-male,1.30001695859945,0.0629909753523724,1471.98808070578,315,282
n_equip_d2,-0.0654363340936287,0.023951304522773,-2.73205720512683,0.00629402116796947,poisson-arr24-male,1.30001695859945,0.0629909753523724,1471.98808070578,315,282
n_equip_a1,-0.120053665104454,0.0626666771104716,-1.91574965579902,0.0553969686260709,poisson-arr24-male,1.30001695859945,0.0629909753523724,1471.98808070578,315,282
n_equip_c1,0.0332870020388686,0.212685842331372,0.156507841208378,0.875632739016708,poisson-arr24-male,1.30001695859945,0.0629909753523724,1471.98808070578,315,282
n_equip_c2,-0.295655030779082,1.45157221065583,-0.203679175316744,0.838604216751954,poisson-arr24-male,1.30001695859945,0.0629909753523724,1471.98808070578,315,282
n_ape5610c,-0.0491346523893225,0.0587635025720312,-0.83614233731378,0.403074833089398,poisson-arr24-male,1.30001695859945,0.0629909753523724,1471.98808070578,315,282
n_ape9312z,-0.0390908228242262,0.0532858249792574,-0.733606411075424,0.463188652460706,poisson-arr24-male,1.30001695859945,0.0629909753523724,1471.98808070578,315,282
n_ape4722z,0.696734840555925,0.359377993552524,1.93872427654393,0.0525349209532493,poisson-arr24-male,1.30001695859945,0.0629909753523724,1471.98808070578,315,282
n_ape4723z,0.0427071607138475,0.49574247686096,0.0861478745663859,0.931348866651259,poisson-arr24-male,1.30001695859945,0.0629909753523724,1471.98808070578,315,282
coups,0.0564150292192374,0.0233083229814555,2.42038130603056,0.0155042399214364,poisson-arr24-male,1.30001695859945,0.0629909753523724,1471.98808070578,315,282
ac_prop,0.535388306978924,0.728343788572594,0.735076368301535,0.462292985588854,poisson-arr24-male,1.30001695859945,0.0629909753523724,1471.98808070578,315,282
water_no3:prop_robinet,0.000111470286420465,9.77664229438727e-05,1.14016942692543,0.254215722045389,poisson-arr24-male,1.30001695859945,0.0629909753523724,1471.98808070578,315,282
prop_robinet:water_ph,0.00335222425755326,0.00423525969681036,0.791503826808513,0.428650043916222,poisson-arr24-male,1.30001695859945,0.0629909753523724,1471.98808070578,315,282
(Intercept),-7.96840763165702,3.23621653115252,-2.46226034474251,0.0138064407644071,negbinom-arr24-male,1.25418234632643,0.298774543522785,1473.67968132096,315,282
PC1,-0.000358012436922295,0.0143684386554482,-0.024916585963677,0.98012149765544,negbinom-arr24-male,1.25418234632643,0.298774543522785,1473.67968132096,315,282
PC2,-0.0272860508688979,0.0265683723539414,-1.02701251342745,0.304414571820017,negbinom-arr24-male,1.25418234632643,0.298774543522785,1473.67968132096,315,282
PC3,0.0811702881453161,0.0239146797134318,3.39416162449069,0.000688390521927014,negbinom-arr24-male,1.25418234632643,0.298774543522785,1473.67968132096,315,282
tm_summer,0.0130269999852735,0.0405603987756825,0.321175342908208,0.748077516609061,negbinom-arr24-male,1.25418234632643,0.298774543522785,1473.67968132096,315,282
tm_winter,-0.0428836446079897,0.0336115335605102,-1.27586099369096,0.20200466181178,negbinom-arr24-male,1.25418234632643,0.298774543522785,1473.67968132096,315,282
diag_vitamin_d,0.0955374783468752,0.088030329190394,1.08527912170185,0.277798050068641,negbinom-arr24-male,1.25418234632643,0.298774543522785,1473.67968132096,315,282
diag_calcium,0.0262350178007963,0.132103511835032,0.198594400984267,0.842580033743021,negbinom-arr24-male,1.25418234632643,0.298774543522785,1473.67968132096,315,282
diag_family,-0.0278082715873605,0.0496952198256878,-0.559576387525833,0.575768414464674,negbinom-arr24-male,1.25418234632643,0.298774543522785,1473.67968132096,315,282
diag_other_minerals,-0.130328997566795,0.129826708081631,-1.00386892260141,0.315441797797756,negbinom-arr24-male,1.25418234632643,0.298774543522785,1473.67968132096,315,282
diag_tabacco,0.094304642192732,0.0317947603827474,2.96604349450937,0.00301657824858237,negbinom-arr24-male,1.25418234632643,0.298774543522785,1473.67968132096,315,282
diag_vitamin_b9,-0.132688172664078,0.101556640614409,-1.30654353926366,0.191367782799842,negbinom-arr24-male,1.25418234632643,0.298774543522785,1473.67968132096,315,282
diag_vitamin_b12,0.0768721218337853,0.0891229204064351,0.862540427122659,0.388390196500875,negbinom-arr24-male,1.25418234632643,0.298774543522785,1473.67968132096,315,282
somo35_mean,-6.621043872392e-05,5.8500754172329e-05,-1.1317877805281,0.257723666239242,negbinom-arr24-male,1.25418234632643,0.298774543522785,1473.67968132096,315,282
pm10_mean_concentration,0.0251844005609113,0.0313668408450553,0.802898853770967,0.422033198614471,negbinom-arr24-male,1.25418234632643,0.298774543522785,1473.67968132096,315,282
o3_mean_concentration,0.00669161412644898,0.0131090022173978,0.510459454920841,0.609729612861283,negbinom-arr24-male,1.25418234632643,0.298774543522785,1473.67968132096,315,282
no2_mean_concentration,-0.0150903170423192,0.0158847478979675,-0.94998782097449,0.342118441036223,negbinom-arr24-male,1.25418234632643,0.298774543522785,1473.67968132096,315,282
ges_resid,-7.07444790818663e-05,0.000165469399200977,-0.427538139519931,0.66898741187603,negbinom-arr24-male,1.25418234632643,0.298774543522785,1473.67968132096,315,282
water_no3,-0.0116058478875626,0.00769714511292297,-1.50781201566243,0.131602646012821,negbinom-arr24-male,1.25418234632643,0.298774543522785,1473.67968132096,315,282
prop_robinet,-0.0277683821636315,0.0339828600810256,-0.817129049686315,0.413854683361896,negbinom-arr24-male,1.25418234632643,0.298774543522785,1473.67968132096,315,282
water_ph,-0.0710738497700517,0.376756803896814,-0.188646493002731,0.850369890843753,negbinom-arr24-male,1.25418234632643,0.298774543522785,1473.67968132096,315,282
n_equip_d2,-0.0638816652285203,0.0247037254507285,-2.5859122080972,0.00971216645407791,negbinom-arr24-male,1.25418234632643,0.298774543522785,1473.67968132096,315,282
n_equip_a1,-0.12123696175982,0.06366875719601,-1.90418294779307,0.0568863617590268,negbinom-arr24-male,1.25418234632643,0.298774543522785,1473.67968132096,315,282
n_equip_c1,0.0440451825839185,0.216840134373107,0.203122833839108,0.839039024913032,negbinom-arr24-male,1.25418234632643,0.298774543522785,1473.67968132096,315,282
n_equip_c2,-0.412826173490176,1.47841990627542,-0.279234723327155,0.780064697633818,negbinom-arr24-male,1.25418234632643,0.298774543522785,1473.67968132096,315,282
n_ape5610c,-0.0502746958619588,0.0614131517716752,-0.818630772263122,0.412997104660744,negbinom-arr24-male,1.25418234632643,0.298774543522785,1473.67968132096,315,282
n_ape9312z,-0.0399296636900653,0.054696974806519,-0.73001594386727,0.465380438892792,negbinom-arr24-male,1.25418234632643,0.298774543522785,1473.67968132096,315,282
n_ape4722z,0.723237512839698,0.366753361563395,1.97199968326584,0.04860964267586,negbinom-arr24-male,1.25418234632643,0.298774543522785,1473.67968132096,315,282
n_ape4723z,0.0477189194645723,0.510133104380604,0.0935420952978771,0.925472909066861,negbinom-arr24-male,1.25418234632643,0.298774543522785,1473.67968132096,315,282
coups,0.0551689038969792,0.0250792216700703,2.19978532917623,0.0278221293441355,negbinom-arr24-male,1.25418234632643,0.298774543522785,1473.67968132096,315,282
ac_prop,0.573759615826199,0.748599113292404,0.766444423508271,0.443411908728234,negbinom-arr24-male,1.25418234632643,0.298774543522785,1473.67968132096,315,282
water_no3:prop_robinet,0.000122108102271408,0.000101511281818185,1.20290178672075,0.22901432885519,negbinom-arr24-male,1.25418234632643,0.298774543522785,1473.67968132096,315,282
prop_robinet:water_ph,0.003569205803766,0.00440224313600089,0.810769803825138,0.417497878344265,negbinom-arr24-male,1.25418234632643,0.298774543522785,1473.67968132096,315,282
(Intercept),-8.53946061925864,0.660344977614438,-12.931817320862,2.97697885602509e-38,poisson-bv2022-male,1.02108079168904,0.0147524263817841,3512.9706224185,1628,1602
PC1,-0.0364505784016919,0.013728714536213,-2.65506128090464,0.00792940021925968,poisson-bv2022-male,1.02108079168904,0.0147524263817841,3512.9706224185,1628,1602
PC2,-0.0429214756135065,0.0287787245567466,-1.49143078001504,0.135848431981055,poisson-bv2022-male,1.02108079168904,0.0147524263817841,3512.9706224185,1628,1602
PC3,0.00488531775696082,0.0247305527589978,0.197541793932745,0.843403578904844,poisson-bv2022-male,1.02108079168904,0.0147524263817841,3512.9706224185,1628,1602
diag_vitamin_d,0.00286795252403672,0.0536835836752377,0.0534232688597428,0.957394665813974,poisson-bv2022-male,1.02108079168904,0.0147524263817841,3512.9706224185,1628,1602
diag_calcium,0.317412265972305,0.160067331255244,1.98299217887352,0.0473683031681587,poisson-bv2022-male,1.02108079168904,0.0147524263817841,3512.9706224185,1628,1602
diag_family,-0.0051758250567402,0.0367206483436989,-0.140951352718377,0.887908373461291,poisson-bv2022-male,1.02108079168904,0.0147524263817841,3512.9706224185,1628,1602
diag_other_minerals,-0.013668395725648,0.198684255641908,-0.0687945588918872,0.945153149203703,poisson-bv2022-male,1.02108079168904,0.0147524263817841,3512.9706224185,1628,1602
diag_tabacco,0.0503886613380257,0.0233083619109214,2.1618276535519,0.0306314631062967,poisson-bv2022-male,1.02108079168904,0.0147524263817841,3512.9706224185,1628,1602
diag_vitamin_b9,0.0202833594757244,0.100321016875802,0.202184548237139,0.839772452401136,poisson-bv2022-male,1.02108079168904,0.0147524263817841,3512.9706224185,1628,1602
diag_vitamin_b12,0.164414809920234,0.104079775672842,1.57969988748867,0.114175611418181,poisson-bv2022-male,1.02108079168904,0.0147524263817841,3512.9706224185,1628,1602
somo35_mean,-1.08900659855224e-05,3.26307898386472e-05,-0.333735899111595,0.738578857611445,poisson-bv2022-male,1.02108079168904,0.0147524263817841,3512.9706224185,1628,1602
pm10_mean_concentration,0.0181458880780441,0.0214273137447013,0.846857814014666,0.39707437881164,poisson-bv2022-male,1.02108079168904,0.0147524263817841,3512.9706224185,1628,1602
o3_mean_concentration,0.00223767549471714,0.00856943240851572,0.261122952844985,0.793997691745255,poisson-bv2022-male,1.02108079168904,0.0147524263817841,3512.9706224185,1628,1602
no2_mean_concentration,-0.00767581572657918,0.012518217843944,-0.613171604957536,0.539762877875501,poisson-bv2022-male,1.02108079168904,0.0147524263817841,3512.9706224185,1628,1602
ges_resid,-6.33330840537701e-05,0.000125373690054441,-0.505154502721176,0.613450323101508,poisson-bv2022-male,1.02108079168904,0.0147524263817841,3512.9706224185,1628,1602
n_equip_d2,-0.013642183195588,0.0182116367609802,-0.749091549245995,0.453802028168032,poisson-bv2022-male,1.02108079168904,0.0147524263817841,3512.9706224185,1628,1602
n_equip_a1,-0.134279542818072,0.0479485816027508,-2.80049040721505,0.00510250239984266,poisson-bv2022-male,1.02108079168904,0.0147524263817841,3512.9706224185,1628,1602
n_equip_c1,-0.0404595983797521,0.149770445829081,-0.270144073857701,0.787049416093051,poisson-bv2022-male,1.02108079168904,0.0147524263817841,3512.9706224185,1628,1602
n_equip_c2,1.04879639367534,0.6386960871304,1.64208989973225,0.100571374556065,poisson-bv2022-male,1.02108079168904,0.0147524263817841,3512.9706224185,1628,1602
n_ape5610c,0.0391392758160047,0.041516167886562,0.942747797025681,0.345809919031726,poisson-bv2022-male,1.02108079168904,0.0147524263817841,3512.9706224185,1628,1602
n_ape9312z,-0.0440087826962811,0.0364139786397706,-1.20856836688028,0.22682871548868,poisson-bv2022-male,1.02108079168904,0.0147524263817841,3512.9706224185,1628,1602
n_ape4722z,-0.0959245833935171,0.214425238634388,-0.447356775743531,0.654617479520219,poisson-bv2022-male,1.02108079168904,0.0147524263817841,3512.9706224185,1628,1602
n_ape4723z,-0.439628680795765,0.327224482902773,-1.34350790899222,0.179107566799029,poisson-bv2022-male,1.02108079168904,0.0147524263817841,3512.9706224185,1628,1602
coups,0.022854843567386,0.0573733984141062,0.398352619840046,0.690370277937014,poisson-bv2022-male,1.02108079168904,0.0147524263817841,3512.9706224185,1628,1602
ac_prop,0.0455464819189427,0.416213366598853,0.109430608370731,0.912860957552364,poisson-bv2022-male,1.02108079168904,0.0147524263817841,3512.9706224185,1628,1602
(Intercept),-8.50164700266857,0.767583628653929,-11.0758576463876,1.64299427913275e-28,negbinom-bv2022-male,0.962449595837261,0.306074947118949,3508.38055818687,1628,1602
PC1,-0.0352641246000172,0.0152704346643088,-2.3093071923119,0.0209265408344897,negbinom-bv2022-male,0.962449595837261,0.306074947118949,3508.38055818687,1628,1602
PC2,-0.0548874309118713,0.0312761064109172,-1.75493171019243,0.0792709893773137,negbinom-bv2022-male,0.962449595837261,0.306074947118949,3508.38055818687,1628,1602
PC3,0.0163037068714698,0.0274464601195807,0.59401856561599,0.552499695603055,negbinom-bv2022-male,0.962449595837261,0.306074947118949,3508.38055818687,1628,1602
diag_vitamin_d,-0.00239950432720933,0.0582660912695986,-0.041181831060312,0.967150938097628,negbinom-bv2022-male,0.962449595837261,0.306074947118949,3508.38055818687,1628,1602
diag_calcium,0.314706798520807,0.172865110082014,1.82053393175464,0.0686777337664244,negbinom-bv2022-male,0.962449595837261,0.306074947118949,3508.38055818687,1628,1602
diag_family,-0.0114748411872364,0.0397841651334468,-0.288427346627652,0.773019637161349,negbinom-bv2022-male,0.962449595837261,0.306074947118949,3508.38055818687,1628,1602
diag_other_minerals,-0.0270757943488551,0.212589379556082,-0.127361933156743,0.898653943769714,negbinom-bv2022-male,0.962449595837261,0.306074947118949,3508.38055818687,1628,1602
diag_tabacco,0.0508011639675026,0.0249182626339861,2.03871211704041,0.0414787677181453,negbinom-bv2022-male,0.962449595837261,0.306074947118949,3508.38055818687,1628,1602
diag_vitamin_b9,0.0167887428384869,0.105274557062151,0.159475786999278,0.873294033347677,negbinom-bv2022-male,0.962449595837261,0.306074947118949,3508.38055818687,1628,1602
diag_vitamin_b12,0.162750855346766,0.110361201133298,1.4747108012189,0.140290310929799,negbinom-bv2022-male,0.962449595837261,0.306074947118949,3508.38055818687,1628,1602
somo35_mean,-1.96012472627635e-05,3.88526641569959e-05,-0.504502012617687,0.613908648230678,negbinom-bv2022-male,0.962449595837261,0.306074947118949,3508.38055818687,1628,1602
pm10_mean_concentration,0.00510855795963764,0.0252884842776122,0.202011235768695,0.839907940392054,negbinom-bv2022-male,0.962449595837261,0.306074947118949,3508.38055818687,1628,1602
o3_mean_concentration,0.00429418070422092,0.00996301992571973,0.431011955836343,0.666459677250888,negbinom-bv2022-male,0.962449595837261,0.306074947118949,3508.38055818687,1628,1602
no2_mean_concentration,-0.00151278283974592,0.0154476327126443,-0.097929751948832,0.921988074890062,negbinom-bv2022-male,0.962449595837261,0.306074947118949,3508.38055818687,1628,1602
ges_resid,-1.30721838093263e-05,0.000140860170037662,-0.092802555937787,0.926060420431351,negbinom-bv2022-male,0.962449595837261,0.306074947118949,3508.38055818687,1628,1602
n_equip_d2,-0.0153444752994006,0.0213076663317614,-0.720138707847513,0.471439597051819,negbinom-bv2022-male,0.962449595837261,0.306074947118949,3508.38055818687,1628,1602
n_equip_a1,-0.124321891251451,0.0497912427405038,-2.49686258885679,0.0125297499135266,negbinom-bv2022-male,0.962449595837261,0.306074947118949,3508.38055818687,1628,1602
n_equip_c1,-0.0512668167650807,0.156039246009876,-0.328550784985438,0.742495252446697,negbinom-bv2022-male,0.962449595837261,0.306074947118949,3508.38055818687,1628,1602
n_equip_c2,0.95841659348827,0.65538624770318,1.46236909432731,0.143640093801859,negbinom-bv2022-male,0.962449595837261,0.306074947118949,3508.38055818687,1628,1602
n_ape5610c,0.0315977713083213,0.0435738521802657,0.725154415487545,0.468357304558474,negbinom-bv2022-male,0.962449595837261,0.306074947118949,3508.38055818687,1628,1602
n_ape9312z,-0.0392335026130203,0.038907542626385,-1.00837780966445,0.313273121683154,negbinom-bv2022-male,0.962449595837261,0.306074947118949,3508.38055818687,1628,1602
n_ape4722z,-0.0852825141505161,0.223555744844205,-0.381482096154358,0.702845553827962,negbinom-bv2022-male,0.962449595837261,0.306074947118949,3508.38055818687,1628,1602
n_ape4723z,-0.392664261357756,0.339999589484655,-1.15489628076589,0.248132902654218,negbinom-bv2022-male,0.962449595837261,0.306074947118949,3508.38055818687,1628,1602
coups,0.0139006145336466,0.0605687827183804,0.22950130264758,0.818479308278586,negbinom-bv2022-male,0.962449595837261,0.306074947118949,3508.38055818687,1628,1602
ac_prop,0.239064172612348,0.451539465428383,0.529442476053658,0.596498538998034,negbinom-bv2022-male,0.962449595837261,0.306074947118949,3508.38055818687,1628,1602
